{
  "title": "Analytics",
  "font_awesome_class": "fa-bar-chart",
  "image_url": "https://cosmic-s3.imgix.net/06868c00-4d55-11e8-b064-e5baad7ec20c-ga.png",
  "repo_url": "https://github.com/cosmicjs/google-analytics-extension",
  "objects": [{
    "title": "Google Analytics View ID",
    "slug": "google-analytics-view-id",
    "content": "",
	"type_slug": "analytics",
    "metafields": [{
      "value": "",
      "key": "view_id",
      "title": "View ID",
      "type": "text"
    }],
    "status": "published"
  }],
  "object_types": [
    {
      "title": "Analytics",
      "slug": "analytics",
      "singular": "Analytic",
      "metafields":[
        {
          "title": "View ID",
          "key": "view_id",
          "type": "text",
          "value": ""
        }
      ]
    }
  ]
}